{
    "now": "2024-03-31T14:48:48.347Z",
    "perfNow": 2041237,
    "diagnosticCorrelation": "6fad0d80-5dac-40fa-94a0-b87e03db687e",
    "source": "DownloadSupportFiles",
    "environment": {
        "productName": "adf",
        "buildVersion": "1.0.032024.9",
        "environmentType": 3,
        "resourceName": "adf-thameur-demo-01",
        "resourceRegion": "eastus",
        "resourceGroup": "rg-data-engineering-project",
        "subscriptionId": "91087a47-6639-49ec-9eb5-eb530bf09e40",
        "sessionId": "JCjMd+cQg457P2SCuLYt5a",
        "operationId": "",
        "gitType": "live",
        "loggingKey": "6c696f1e-19ea-48dc-9f72-a49bb1b92478"
    },
    "additionalInfo": {
        "selectedResource": "copy_all_tables",
        "selectedResourceType": "pipeline"
    }
}